product_id,product_name,category,brand,price,rating,availability,image_url
1,Samsung Nord Edge 576,Smartphones,Samsung,496.52,2.9,low_stock,https://images.unsplash.com/photo-1511707171634-5f897ff02aa9?auto=format&fit=crop&w=900&q=80
2,LG AirCool Plus 334,Home Appliances,LG,769.3,4.7,low_stock,https://images.unsplash.com/photo-1586201375761-83865001e31c?auto=format&fit=crop&w=900&q=80
3,Skybags Campus Lite 305,Backpacks,Skybags,99.28,4.4,in_stock,https://images.unsplash.com/photo-1622560480605-d83c853bc5c3?auto=format&fit=crop&w=900&q=80
4,Nike Street Flex 389,Sneakers,Nike,101.32,3.2,in_stock,https://images.unsplash.com/photo-1542291026-7eec264c27ff?auto=format&fit=crop&w=900&q=80
5,Adidas Cloud Step 637,Sneakers,Adidas,232.26,3.0,in_stock,https://images.unsplash.com/photo-1460353581641-37baddab0fa2?auto=format&fit=crop&w=900&q=80
6,Panasonic AirCool Plus 317,Home Appliances,Panasonic,786.69,3.2,in_stock,https://images.unsplash.com/photo-1556911220-bda9f7f7597e?auto=format&fit=crop&w=900&q=80
7,Apple Pixel Core 921,Smartphones,Apple,267.62,5.0,in_stock,https://images.unsplash.com/photo-1511707171634-5f897ff02aa9?auto=format&fit=crop&w=900&q=80
8,Wildcraft Commuter Smart 531,Backpacks,Wildcraft,108.46,3.8,in_stock,https://images.unsplash.com/photo-1553062407-98eeb64c6a62?auto=format&fit=crop&w=900&q=80
9,Lenovo Inspiron 876,Laptops,Lenovo,2094.68,4.5,low_stock,https://images.unsplash.com/photo-1517336714739-489689fd1ca8?auto=format&fit=crop&w=900&q=80
10,Xiaomi Nord Edge 714,Smartphones,Xiaomi,381.68,4.2,low_stock,https://images.unsplash.com/photo-1598327105666-5b89351aff97?auto=format&fit=crop&w=900&q=80
11,Titan Urban Smart 399,Watches,Titan,173.29,4.1,in_stock,https://images.unsplash.com/photo-1522312346375-d1a52e2b99b3?auto=format&fit=crop&w=900&q=80
12,Mamaearth Matte Lip Kit 305,Beauty,Mamaearth,105.04,3.1,low_stock,https://images.unsplash.com/photo-1596462502278-27bfdc403348?auto=format&fit=crop&w=900&q=80
13,Nike Travel Pro 768,Backpacks,Nike,79.4,4.9,in_stock,https://images.unsplash.com/photo-1622560480605-d83c853bc5c3?auto=format&fit=crop&w=900&q=80
14,Whirlpool AirCool Plus 397,Home Appliances,Whirlpool,628.13,3.5,in_stock,https://images.unsplash.com/photo-1556911220-bda9f7f7597e?auto=format&fit=crop&w=900&q=80
15,Wildcraft Travel Pro 321,Backpacks,Wildcraft,170.65,4.1,in_stock,https://images.unsplash.com/photo-1553062407-98eeb64c6a62?auto=format&fit=crop&w=900&q=80
16,LG Smart Mixer 936,Home Appliances,LG,120.8,4.3,in_stock,https://images.unsplash.com/photo-1556911220-bda9f7f7597e?auto=format&fit=crop&w=900&q=80
17,Fossil Urban Smart 533,Watches,Fossil,807.99,4.2,low_stock,https://images.unsplash.com/photo-1434056886845-dac89ffe9b56?auto=format&fit=crop&w=900&q=80
18,Dell MacBook Air 143,Laptops,Dell,1310.72,4.9,low_stock,https://images.unsplash.com/photo-1496181133206-80ce9b88a853?auto=format&fit=crop&w=900&q=80
19,LG Smart Mixer 544,Home Appliances,LG,581.24,3.1,in_stock,https://images.unsplash.com/photo-1586201375761-83865001e31c?auto=format&fit=crop&w=900&q=80
20,New Balance Ultra Motion 514,Sneakers,New Balance,111.35,3.9,out_of_stock,https://images.unsplash.com/photo-1460353581641-37baddab0fa2?auto=format&fit=crop&w=900&q=80
21,Casio Sport Pulse 876,Watches,Casio,254.78,3.7,in_stock,https://images.unsplash.com/photo-1522312346375-d1a52e2b99b3?auto=format&fit=crop&w=900&q=80
22,JBL Noise Cancel Pro 739,Headphones,JBL,396.01,3.8,in_stock,https://images.unsplash.com/photo-1505740420928-5e560c06d30e?auto=format&fit=crop&w=900&q=80
23,Dell VivoBook 272,Laptops,Dell,1959.17,3.1,in_stock,https://images.unsplash.com/photo-1496181133206-80ce9b88a853?auto=format&fit=crop&w=900&q=80
24,L'Oreal Matte Lip Kit 235,Beauty,L'Oreal,77.93,3.1,low_stock,https://images.unsplash.com/photo-1522335789203-aabd1fc54bc9?auto=format&fit=crop&w=900&q=80
25,Samsung Power Vacuum 642,Home Appliances,Samsung,373.1,3.4,in_stock,https://images.unsplash.com/photo-1586201375761-83865001e31c?auto=format&fit=crop&w=900&q=80
26,Wildcraft Travel Pro 142,Backpacks,Wildcraft,172.36,3.5,in_stock,https://images.unsplash.com/photo-1553062407-98eeb64c6a62?auto=format&fit=crop&w=900&q=80
27,Nike Ultra Motion 386,Sneakers,Nike,249.47,3.7,in_stock,https://images.unsplash.com/photo-1542291026-7eec264c27ff?auto=format&fit=crop&w=900&q=80
28,LG Smart Mixer 224,Home Appliances,LG,201.83,4.1,out_of_stock,https://images.unsplash.com/photo-1556911220-bda9f7f7597e?auto=format&fit=crop&w=900&q=80
29,Titan Urban Smart 118,Watches,Titan,52.8,4.2,low_stock,https://images.unsplash.com/photo-1522312346375-d1a52e2b99b3?auto=format&fit=crop&w=900&q=80
30,Nike Air Runner 926,Sneakers,Nike,107.34,3.7,low_stock,https://images.unsplash.com/photo-1460353581641-37baddab0fa2?auto=format&fit=crop&w=900&q=80
31,New Balance Cloud Step 180,Sneakers,New Balance,139.63,3.7,low_stock,https://images.unsplash.com/photo-1460353581641-37baddab0fa2?auto=format&fit=crop&w=900&q=80
32,Lenovo ThinkBook 108,Laptops,Lenovo,790.73,3.3,low_stock,https://images.unsplash.com/photo-1517336714739-489689fd1ca8?auto=format&fit=crop&w=900&q=80
33,Google Pixel Core 938,Smartphones,Google,1178.34,4.1,in_stock,https://images.unsplash.com/photo-1598327105666-5b89351aff97?auto=format&fit=crop&w=900&q=80
34,Apple Urban Smart 269,Watches,Apple,166.41,3.5,in_stock,https://images.unsplash.com/photo-1522312346375-d1a52e2b99b3?auto=format&fit=crop&w=900&q=80
35,Mamaearth Care Essentials 834,Beauty,Mamaearth,53.06,2.9,low_stock,https://images.unsplash.com/photo-1596462502278-27bfdc403348?auto=format&fit=crop&w=900&q=80
36,Samsung Pixel Core 128,Smartphones,Samsung,1149.24,3.7,in_stock,https://images.unsplash.com/photo-1511707171634-5f897ff02aa9?auto=format&fit=crop&w=900&q=80
37,Philips Steam Iron 238,Home Appliances,Philips,611.88,3.8,in_stock,https://images.unsplash.com/photo-1556911220-bda9f7f7597e?auto=format&fit=crop&w=900&q=80
38,Philips Aqua Purifier 199,Home Appliances,Philips,742.46,3.3,in_stock,https://images.unsplash.com/photo-1586201375761-83865001e31c?auto=format&fit=crop&w=900&q=80
39,Boat Wireless Fit 734,Headphones,Boat,275.61,4.1,low_stock,https://images.unsplash.com/photo-1484704849700-f032a568e944?auto=format&fit=crop&w=900&q=80
40,Wildcraft Trail Max 657,Backpacks,Wildcraft,64.94,4.0,in_stock,https://images.unsplash.com/photo-1622560480605-d83c853bc5c3?auto=format&fit=crop&w=900&q=80
41,Asus Inspiron 527,Laptops,Asus,1327.36,4.3,low_stock,https://images.unsplash.com/photo-1517336714739-489689fd1ca8?auto=format&fit=crop&w=900&q=80
42,LG Power Vacuum 317,Home Appliances,LG,522.37,4.2,in_stock,https://images.unsplash.com/photo-1586201375761-83865001e31c?auto=format&fit=crop&w=900&q=80
43,American Tourister Travel Pro 179,Backpacks,American Tourister,167.5,4.2,in_stock,https://images.unsplash.com/photo-1622560480605-d83c853bc5c3?auto=format&fit=crop&w=900&q=80
44,JBL Wireless Fit 611,Headphones,JBL,204.44,3.5,low_stock,https://images.unsplash.com/photo-1484704849700-f032a568e944?auto=format&fit=crop&w=900&q=80
45,Apple Redmi Note 307,Smartphones,Apple,911.63,4.5,in_stock,https://images.unsplash.com/photo-1511707171634-5f897ff02aa9?auto=format&fit=crop&w=900&q=80
46,L'Oreal Skin Tint 630,Beauty,L'Oreal,53.24,4.0,in_stock,https://images.unsplash.com/photo-1596462502278-27bfdc403348?auto=format&fit=crop&w=900&q=80
47,Puma Air Runner 718,Sneakers,Puma,187.57,3.7,in_stock,https://images.unsplash.com/photo-1460353581641-37baddab0fa2?auto=format&fit=crop&w=900&q=80
48,Mamaearth Hydra Cream 863,Beauty,Mamaearth,67.35,4.2,low_stock,https://images.unsplash.com/photo-1522335789203-aabd1fc54bc9?auto=format&fit=crop&w=900&q=80
49,Skybags Commuter Smart 544,Backpacks,Skybags,139.94,3.6,in_stock,https://images.unsplash.com/photo-1553062407-98eeb64c6a62?auto=format&fit=crop&w=900&q=80
50,Panasonic Power Vacuum 104,Home Appliances,Panasonic,543.3,3.9,in_stock,https://images.unsplash.com/photo-1556911220-bda9f7f7597e?auto=format&fit=crop&w=900&q=80
51,LG Smart Mixer 352,Home Appliances,LG,760.39,4.4,low_stock,https://images.unsplash.com/photo-1556911220-bda9f7f7597e?auto=format&fit=crop&w=900&q=80
52,HP MacBook Air 867,Laptops,HP,1218.22,4.8,out_of_stock,https://images.unsplash.com/photo-1517336714739-489689fd1ca8?auto=format&fit=crop&w=900&q=80
53,Bose Wireless Fit 579,Headphones,Bose,307.91,4.8,in_stock,https://images.unsplash.com/photo-1484704849700-f032a568e944?auto=format&fit=crop&w=900&q=80
54,Puma Cloud Step 656,Sneakers,Puma,129.34,3.9,in_stock,https://images.unsplash.com/photo-1460353581641-37baddab0fa2?auto=format&fit=crop&w=900&q=80
55,Nike Cloud Step 511,Sneakers,Nike,112.03,3.9,in_stock,https://images.unsplash.com/photo-1460353581641-37baddab0fa2?auto=format&fit=crop&w=900&q=80
56,OnePlus Nord Edge 246,Smartphones,OnePlus,333.48,4.6,in_stock,https://images.unsplash.com/photo-1511707171634-5f897ff02aa9?auto=format&fit=crop&w=900&q=80
57,Noise Chrono Classic 906,Watches,Noise,642.43,3.5,in_stock,https://images.unsplash.com/photo-1522312346375-d1a52e2b99b3?auto=format&fit=crop&w=900&q=80
58,Apple MacBook Air 794,Laptops,Apple,459.14,4.6,in_stock,https://images.unsplash.com/photo-1517336714739-489689fd1ca8?auto=format&fit=crop&w=900&q=80
59,Puma Travel Pro 994,Backpacks,Puma,51.65,3.9,in_stock,https://images.unsplash.com/photo-1553062407-98eeb64c6a62?auto=format&fit=crop&w=900&q=80
60,Nike Commuter Smart 869,Backpacks,Nike,59.47,3.1,in_stock,https://images.unsplash.com/photo-1622560480605-d83c853bc5c3?auto=format&fit=crop&w=900&q=80
61,Mamaearth Skin Tint 361,Beauty,Mamaearth,25.08,3.0,in_stock,https://images.unsplash.com/photo-1596462502278-27bfdc403348?auto=format&fit=crop&w=900&q=80
62,Skybags Campus Lite 328,Backpacks,Skybags,65.36,4.7,in_stock,https://images.unsplash.com/photo-1553062407-98eeb64c6a62?auto=format&fit=crop&w=900&q=80
63,JBL Studio Sound 323,Headphones,JBL,384.13,2.9,in_stock,https://images.unsplash.com/photo-1484704849700-f032a568e944?auto=format&fit=crop&w=900&q=80
64,Lakme Care Essentials 925,Beauty,Lakme,100.58,3.4,low_stock,https://images.unsplash.com/photo-1596462502278-27bfdc403348?auto=format&fit=crop&w=900&q=80
65,Reebok Velocity Knit 600,Sneakers,Reebok,172.26,3.5,in_stock,https://images.unsplash.com/photo-1460353581641-37baddab0fa2?auto=format&fit=crop&w=900&q=80
66,JBL Noise Cancel Pro 508,Headphones,JBL,148.2,3.2,low_stock,https://images.unsplash.com/photo-1484704849700-f032a568e944?auto=format&fit=crop&w=900&q=80
67,Nykaa Care Essentials 970,Beauty,Nykaa,60.76,3.5,in_stock,https://images.unsplash.com/photo-1522335789203-aabd1fc54bc9?auto=format&fit=crop&w=900&q=80
68,Sennheiser Wireless Fit 642,Headphones,Sennheiser,180.02,4.4,in_stock,https://images.unsplash.com/photo-1505740420928-5e560c06d30e?auto=format&fit=crop&w=900&q=80
69,Xiaomi Pixel Core 917,Smartphones,Xiaomi,924.48,2.8,low_stock,https://images.unsplash.com/photo-1511707171634-5f897ff02aa9?auto=format&fit=crop&w=900&q=80
70,Puma Air Runner 985,Sneakers,Puma,227.15,4.6,in_stock,https://images.unsplash.com/photo-1460353581641-37baddab0fa2?auto=format&fit=crop&w=900&q=80
71,Samsung Smart Mixer 171,Home Appliances,Samsung,456.13,4.7,in_stock,https://images.unsplash.com/photo-1556911220-bda9f7f7597e?auto=format&fit=crop&w=900&q=80
72,Lenovo ThinkBook 425,Laptops,Lenovo,1081.54,3.6,in_stock,https://images.unsplash.com/photo-1517336714739-489689fd1ca8?auto=format&fit=crop&w=900&q=80
73,New Balance Street Flex 759,Sneakers,New Balance,240.35,3.1,in_stock,https://images.unsplash.com/photo-1460353581641-37baddab0fa2?auto=format&fit=crop&w=900&q=80
74,Asus Pavilion 831,Laptops,Asus,2356.84,4.1,out_of_stock,https://images.unsplash.com/photo-1517336714739-489689fd1ca8?auto=format&fit=crop&w=900&q=80
75,Wildcraft Campus Lite 233,Backpacks,Wildcraft,142.35,3.1,in_stock,https://images.unsplash.com/photo-1553062407-98eeb64c6a62?auto=format&fit=crop&w=900&q=80
76,Reebok Air Runner 386,Sneakers,Reebok,137.7,3.6,low_stock,https://images.unsplash.com/photo-1542291026-7eec264c27ff?auto=format&fit=crop&w=900&q=80
77,Sennheiser Noise Cancel Pro 592,Headphones,Sennheiser,277.93,4.9,in_stock,https://images.unsplash.com/photo-1484704849700-f032a568e944?auto=format&fit=crop&w=900&q=80
78,HP Pavilion 818,Laptops,HP,1580.2,5.0,in_stock,https://images.unsplash.com/photo-1496181133206-80ce9b88a853?auto=format&fit=crop&w=900&q=80
79,Fossil Sport Pulse 201,Watches,Fossil,227.44,4.5,in_stock,https://images.unsplash.com/photo-1434056886845-dac89ffe9b56?auto=format&fit=crop&w=900&q=80
80,Puma Travel Pro 640,Backpacks,Puma,46.83,3.5,in_stock,https://images.unsplash.com/photo-1622560480605-d83c853bc5c3?auto=format&fit=crop&w=900&q=80
81,Lakme Glow Serum 366,Beauty,Lakme,52.37,4.3,in_stock,https://images.unsplash.com/photo-1522335789203-aabd1fc54bc9?auto=format&fit=crop&w=900&q=80
82,Reebok Air Runner 294,Sneakers,Reebok,66.12,4.4,in_stock,https://images.unsplash.com/photo-1460353581641-37baddab0fa2?auto=format&fit=crop&w=900&q=80
83,Apple MacBook Air 563,Laptops,Apple,649.09,3.7,out_of_stock,https://images.unsplash.com/photo-1496181133206-80ce9b88a853?auto=format&fit=crop&w=900&q=80
84,Samsung Power Vacuum 472,Home Appliances,Samsung,190.41,4.2,in_stock,https://images.unsplash.com/photo-1556911220-bda9f7f7597e?auto=format&fit=crop&w=900&q=80
85,Puma City Pack 671,Backpacks,Puma,87.65,2.8,low_stock,https://images.unsplash.com/photo-1553062407-98eeb64c6a62?auto=format&fit=crop&w=900&q=80
86,Nike Commuter Smart 385,Backpacks,Nike,176.93,3.3,low_stock,https://images.unsplash.com/photo-1622560480605-d83c853bc5c3?auto=format&fit=crop&w=900&q=80
87,Xiaomi Galaxy Pro 840,Smartphones,Xiaomi,348.36,4.0,in_stock,https://images.unsplash.com/photo-1598327105666-5b89351aff97?auto=format&fit=crop&w=900&q=80
88,Sennheiser Noise Cancel Pro 170,Headphones,Sennheiser,373.94,3.2,low_stock,https://images.unsplash.com/photo-1505740420928-5e560c06d30e?auto=format&fit=crop&w=900&q=80
89,Samsung Steam Iron 874,Home Appliances,Samsung,129.44,3.2,in_stock,https://images.unsplash.com/photo-1556911220-bda9f7f7597e?auto=format&fit=crop&w=900&q=80
90,Panasonic Power Vacuum 126,Home Appliances,Panasonic,364.74,4.6,in_stock,https://images.unsplash.com/photo-1586201375761-83865001e31c?auto=format&fit=crop&w=900&q=80
91,Puma Ultra Motion 761,Sneakers,Puma,147.67,5.0,low_stock,https://images.unsplash.com/photo-1542291026-7eec264c27ff?auto=format&fit=crop&w=900&q=80
92,Philips Steam Iron 411,Home Appliances,Philips,793.99,4.0,low_stock,https://images.unsplash.com/photo-1556911220-bda9f7f7597e?auto=format&fit=crop&w=900&q=80
93,LG Aqua Purifier 444,Home Appliances,LG,434.93,4.6,in_stock,https://images.unsplash.com/photo-1586201375761-83865001e31c?auto=format&fit=crop&w=900&q=80
94,Nike Cloud Step 117,Sneakers,Nike,254.75,5.0,in_stock,https://images.unsplash.com/photo-1460353581641-37baddab0fa2?auto=format&fit=crop&w=900&q=80
95,Lakme Matte Lip Kit 731,Beauty,Lakme,68.88,3.1,in_stock,https://images.unsplash.com/photo-1522335789203-aabd1fc54bc9?auto=format&fit=crop&w=900&q=80
96,Boat Noise Cancel Pro 248,Headphones,Boat,288.91,3.8,low_stock,https://images.unsplash.com/photo-1505740420928-5e560c06d30e?auto=format&fit=crop&w=900&q=80
97,Apple Pavilion 692,Laptops,Apple,1979.18,3.7,in_stock,https://images.unsplash.com/photo-1517336714739-489689fd1ca8?auto=format&fit=crop&w=900&q=80
98,Puma Commuter Smart 751,Backpacks,Puma,86.67,3.0,in_stock,https://images.unsplash.com/photo-1622560480605-d83c853bc5c3?auto=format&fit=crop&w=900&q=80
99,Skybags Travel Pro 859,Backpacks,Skybags,139.81,4.5,in_stock,https://images.unsplash.com/photo-1622560480605-d83c853bc5c3?auto=format&fit=crop&w=900&q=80
100,Asus Inspiron 736,Laptops,Asus,2188.2,3.8,in_stock,https://images.unsplash.com/photo-1496181133206-80ce9b88a853?auto=format&fit=crop&w=900&q=80
101,Samsung AirCool Plus 371,Home Appliances,Samsung,708.7,3.8,in_stock,https://images.unsplash.com/photo-1556911220-bda9f7f7597e?auto=format&fit=crop&w=900&q=80
102,Dell Pavilion 763,Laptops,Dell,1477.0,3.1,low_stock,https://images.unsplash.com/photo-1496181133206-80ce9b88a853?auto=format&fit=crop&w=900&q=80
103,Samsung AirCool Plus 842,Home Appliances,Samsung,84.87,3.2,in_stock,https://images.unsplash.com/photo-1586201375761-83865001e31c?auto=format&fit=crop&w=900&q=80
104,Samsung Galaxy Pro 385,Smartphones,Samsung,1125.04,4.8,in_stock,https://images.unsplash.com/photo-1511707171634-5f897ff02aa9?auto=format&fit=crop&w=900&q=80
105,LG AirCool Plus 211,Home Appliances,LG,537.45,2.9,in_stock,https://images.unsplash.com/photo-1556911220-bda9f7f7597e?auto=format&fit=crop&w=900&q=80
106,Panasonic Smart Mixer 900,Home Appliances,Panasonic,155.88,3.3,low_stock,https://images.unsplash.com/photo-1586201375761-83865001e31c?auto=format&fit=crop&w=900&q=80
107,LG Aqua Purifier 232,Home Appliances,LG,666.46,3.4,low_stock,https://images.unsplash.com/photo-1556911220-bda9f7f7597e?auto=format&fit=crop&w=900&q=80
108,American Tourister Trail Max 633,Backpacks,American Tourister,34.84,3.9,in_stock,https://images.unsplash.com/photo-1622560480605-d83c853bc5c3?auto=format&fit=crop&w=900&q=80
109,Puma Street Flex 312,Sneakers,Puma,201.0,4.1,in_stock,https://images.unsplash.com/photo-1460353581641-37baddab0fa2?auto=format&fit=crop&w=900&q=80
110,Skybags Travel Pro 213,Backpacks,Skybags,100.67,3.9,in_stock,https://images.unsplash.com/photo-1622560480605-d83c853bc5c3?auto=format&fit=crop&w=900&q=80
111,Boat Studio Sound 797,Headphones,Boat,205.87,3.0,in_stock,https://images.unsplash.com/photo-1505740420928-5e560c06d30e?auto=format&fit=crop&w=900&q=80
112,Samsung Power Vacuum 229,Home Appliances,Samsung,202.33,3.3,low_stock,https://images.unsplash.com/photo-1586201375761-83865001e31c?auto=format&fit=crop&w=900&q=80
113,Apple Digital Pro 702,Watches,Apple,134.99,4.7,in_stock,https://images.unsplash.com/photo-1434056886845-dac89ffe9b56?auto=format&fit=crop&w=900&q=80
114,Nike Street Flex 723,Sneakers,Nike,74.45,4.2,in_stock,https://images.unsplash.com/photo-1542291026-7eec264c27ff?auto=format&fit=crop&w=900&q=80
115,Titan Metal Edge 154,Watches,Titan,393.62,4.2,low_stock,https://images.unsplash.com/photo-1434056886845-dac89ffe9b56?auto=format&fit=crop&w=900&q=80
116,Noise Metal Edge 255,Watches,Noise,629.52,4.3,in_stock,https://images.unsplash.com/photo-1522312346375-d1a52e2b99b3?auto=format&fit=crop&w=900&q=80
117,Samsung Nord Edge 814,Smartphones,Samsung,659.36,4.5,in_stock,https://images.unsplash.com/photo-1511707171634-5f897ff02aa9?auto=format&fit=crop&w=900&q=80
118,Asus VivoBook 556,Laptops,Asus,2148.26,2.9,in_stock,https://images.unsplash.com/photo-1517336714739-489689fd1ca8?auto=format&fit=crop&w=900&q=80
119,Lenovo Inspiron 209,Laptops,Lenovo,857.18,3.6,in_stock,https://images.unsplash.com/photo-1496181133206-80ce9b88a853?auto=format&fit=crop&w=900&q=80
120,Xiaomi Pixel Core 991,Smartphones,Xiaomi,1076.36,4.0,in_stock,https://images.unsplash.com/photo-1511707171634-5f897ff02aa9?auto=format&fit=crop&w=900&q=80
121,Nike Ultra Motion 338,Sneakers,Nike,158.95,3.5,in_stock,https://images.unsplash.com/photo-1542291026-7eec264c27ff?auto=format&fit=crop&w=900&q=80
122,Puma Travel Pro 103,Backpacks,Puma,24.25,4.7,in_stock,https://images.unsplash.com/photo-1622560480605-d83c853bc5c3?auto=format&fit=crop&w=900&q=80
123,American Tourister City Pack 930,Backpacks,American Tourister,116.25,3.9,in_stock,https://images.unsplash.com/photo-1553062407-98eeb64c6a62?auto=format&fit=crop&w=900&q=80
124,Puma Cloud Step 114,Sneakers,Puma,129.2,4.5,in_stock,https://images.unsplash.com/photo-1542291026-7eec264c27ff?auto=format&fit=crop&w=900&q=80
125,Samsung Steam Iron 597,Home Appliances,Samsung,669.09,4.7,in_stock,https://images.unsplash.com/photo-1586201375761-83865001e31c?auto=format&fit=crop&w=900&q=80
126,Casio Chrono Classic 992,Watches,Casio,275.39,3.9,in_stock,https://images.unsplash.com/photo-1522312346375-d1a52e2b99b3?auto=format&fit=crop&w=900&q=80
127,Samsung Nord Edge 619,Smartphones,Samsung,563.99,4.8,in_stock,https://images.unsplash.com/photo-1511707171634-5f897ff02aa9?auto=format&fit=crop&w=900&q=80
128,Whirlpool Steam Iron 625,Home Appliances,Whirlpool,94.89,4.1,in_stock,https://images.unsplash.com/photo-1556911220-bda9f7f7597e?auto=format&fit=crop&w=900&q=80
129,Fossil Chrono Classic 448,Watches,Fossil,221.36,4.7,low_stock,https://images.unsplash.com/photo-1434056886845-dac89ffe9b56?auto=format&fit=crop&w=900&q=80
130,Puma Campus Lite 214,Backpacks,Puma,47.51,3.5,low_stock,https://images.unsplash.com/photo-1622560480605-d83c853bc5c3?auto=format&fit=crop&w=900&q=80
131,Noise Metal Edge 614,Watches,Noise,459.71,3.9,in_stock,https://images.unsplash.com/photo-1434056886845-dac89ffe9b56?auto=format&fit=crop&w=900&q=80
132,Casio Metal Edge 906,Watches,Casio,80.03,4.0,in_stock,https://images.unsplash.com/photo-1434056886845-dac89ffe9b56?auto=format&fit=crop&w=900&q=80
133,Apple iPhone Series 181,Smartphones,Apple,894.64,3.0,in_stock,https://images.unsplash.com/photo-1511707171634-5f897ff02aa9?auto=format&fit=crop&w=900&q=80
134,Titan Urban Smart 891,Watches,Titan,223.04,3.7,in_stock,https://images.unsplash.com/photo-1434056886845-dac89ffe9b56?auto=format&fit=crop&w=900&q=80
135,Panasonic AirCool Plus 473,Home Appliances,Panasonic,201.27,4.8,in_stock,https://images.unsplash.com/photo-1586201375761-83865001e31c?auto=format&fit=crop&w=900&q=80
136,Boat Wireless Fit 582,Headphones,Boat,73.88,4.2,in_stock,https://images.unsplash.com/photo-1505740420928-5e560c06d30e?auto=format&fit=crop&w=900&q=80
137,Apple Metal Edge 248,Watches,Apple,321.37,3.2,in_stock,https://images.unsplash.com/photo-1522312346375-d1a52e2b99b3?auto=format&fit=crop&w=900&q=80
138,Apple iPhone Series 658,Smartphones,Apple,615.99,3.5,in_stock,https://images.unsplash.com/photo-1511707171634-5f897ff02aa9?auto=format&fit=crop&w=900&q=80
139,JBL Noise Cancel Pro 263,Headphones,JBL,264.19,3.2,in_stock,https://images.unsplash.com/photo-1505740420928-5e560c06d30e?auto=format&fit=crop&w=900&q=80
140,Adidas Velocity Knit 345,Sneakers,Adidas,244.17,2.9,in_stock,https://images.unsplash.com/photo-1460353581641-37baddab0fa2?auto=format&fit=crop&w=900&q=80
141,Nykaa Glow Serum 748,Beauty,Nykaa,22.18,4.8,low_stock,https://images.unsplash.com/photo-1522335789203-aabd1fc54bc9?auto=format&fit=crop&w=900&q=80
142,Dell ThinkBook 145,Laptops,Dell,661.5,3.8,in_stock,https://images.unsplash.com/photo-1517336714739-489689fd1ca8?auto=format&fit=crop&w=900&q=80
143,Sony Air Beats 502,Headphones,Sony,321.71,3.5,low_stock,https://images.unsplash.com/photo-1505740420928-5e560c06d30e?auto=format&fit=crop&w=900&q=80
144,New Balance Cloud Step 634,Sneakers,New Balance,259.25,4.1,in_stock,https://images.unsplash.com/photo-1460353581641-37baddab0fa2?auto=format&fit=crop&w=900&q=80
145,L'Oreal Glow Serum 218,Beauty,L'Oreal,60.97,2.8,low_stock,https://images.unsplash.com/photo-1522335789203-aabd1fc54bc9?auto=format&fit=crop&w=900&q=80
146,Samsung Power Vacuum 364,Home Appliances,Samsung,480.53,3.4,low_stock,https://images.unsplash.com/photo-1556911220-bda9f7f7597e?auto=format&fit=crop&w=900&q=80
147,Google Pixel Core 408,Smartphones,Google,387.82,4.3,out_of_stock,https://images.unsplash.com/photo-1598327105666-5b89351aff97?auto=format&fit=crop&w=900&q=80
148,Asus Pavilion 696,Laptops,Asus,1397.47,4.2,low_stock,https://images.unsplash.com/photo-1496181133206-80ce9b88a853?auto=format&fit=crop&w=900&q=80
149,Samsung Aqua Purifier 978,Home Appliances,Samsung,332.45,5.0,low_stock,https://images.unsplash.com/photo-1556911220-bda9f7f7597e?auto=format&fit=crop&w=900&q=80
150,Apple Redmi Note 851,Smartphones,Apple,336.22,4.2,in_stock,https://images.unsplash.com/photo-1598327105666-5b89351aff97?auto=format&fit=crop&w=900&q=80
151,Philips Smart Mixer 270,Home Appliances,Philips,190.87,3.9,low_stock,https://images.unsplash.com/photo-1556911220-bda9f7f7597e?auto=format&fit=crop&w=900&q=80
152,Sony Studio Sound 116,Headphones,Sony,255.73,4.5,in_stock,https://images.unsplash.com/photo-1484704849700-f032a568e944?auto=format&fit=crop&w=900&q=80
153,L'Oreal Matte Lip Kit 146,Beauty,L'Oreal,61.94,4.8,in_stock,https://images.unsplash.com/photo-1522335789203-aabd1fc54bc9?auto=format&fit=crop&w=900&q=80
154,Boat Air Beats 635,Headphones,Boat,390.71,4.4,in_stock,https://images.unsplash.com/photo-1484704849700-f032a568e944?auto=format&fit=crop&w=900&q=80
155,New Balance Velocity Knit 240,Sneakers,New Balance,123.09,4.9,low_stock,https://images.unsplash.com/photo-1460353581641-37baddab0fa2?auto=format&fit=crop&w=900&q=80
156,Skybags Travel Pro 307,Backpacks,Skybags,110.87,4.5,in_stock,https://images.unsplash.com/photo-1553062407-98eeb64c6a62?auto=format&fit=crop&w=900&q=80
157,HP ThinkBook 861,Laptops,HP,1724.33,4.7,in_stock,https://images.unsplash.com/photo-1496181133206-80ce9b88a853?auto=format&fit=crop&w=900&q=80
158,Casio Urban Smart 885,Watches,Casio,344.8,3.1,in_stock,https://images.unsplash.com/photo-1522312346375-d1a52e2b99b3?auto=format&fit=crop&w=900&q=80
159,Titan Urban Smart 854,Watches,Titan,112.54,4.4,in_stock,https://images.unsplash.com/photo-1522312346375-d1a52e2b99b3?auto=format&fit=crop&w=900&q=80
160,LG Power Vacuum 328,Home Appliances,LG,338.77,3.8,in_stock,https://images.unsplash.com/photo-1556911220-bda9f7f7597e?auto=format&fit=crop&w=900&q=80
161,Mamaearth Matte Lip Kit 657,Beauty,Mamaearth,82.27,4.0,in_stock,https://images.unsplash.com/photo-1596462502278-27bfdc403348?auto=format&fit=crop&w=900&q=80
162,Nike Trail Max 649,Backpacks,Nike,152.29,4.2,in_stock,https://images.unsplash.com/photo-1553062407-98eeb64c6a62?auto=format&fit=crop&w=900&q=80
163,New Balance Velocity Knit 266,Sneakers,New Balance,169.41,4.9,in_stock,https://images.unsplash.com/photo-1542291026-7eec264c27ff?auto=format&fit=crop&w=900&q=80
164,Reebok Velocity Knit 597,Sneakers,Reebok,247.74,5.0,in_stock,https://images.unsplash.com/photo-1542291026-7eec264c27ff?auto=format&fit=crop&w=900&q=80
165,New Balance Street Flex 572,Sneakers,New Balance,242.88,3.4,in_stock,https://images.unsplash.com/photo-1460353581641-37baddab0fa2?auto=format&fit=crop&w=900&q=80
166,Whirlpool Aqua Purifier 456,Home Appliances,Whirlpool,74.1,4.4,in_stock,https://images.unsplash.com/photo-1586201375761-83865001e31c?auto=format&fit=crop&w=900&q=80
167,Bose Studio Sound 775,Headphones,Bose,245.07,4.4,in_stock,https://images.unsplash.com/photo-1505740420928-5e560c06d30e?auto=format&fit=crop&w=900&q=80
168,Dell Pavilion 709,Laptops,Dell,2107.25,3.6,in_stock,https://images.unsplash.com/photo-1517336714739-489689fd1ca8?auto=format&fit=crop&w=900&q=80
169,JBL Wireless Fit 578,Headphones,JBL,206.3,3.1,in_stock,https://images.unsplash.com/photo-1505740420928-5e560c06d30e?auto=format&fit=crop&w=900&q=80
170,Samsung Nord Edge 752,Smartphones,Samsung,583.47,2.9,out_of_stock,https://images.unsplash.com/photo-1598327105666-5b89351aff97?auto=format&fit=crop&w=900&q=80
171,Google Pixel Core 786,Smartphones,Google,635.13,4.5,low_stock,https://images.unsplash.com/photo-1598327105666-5b89351aff97?auto=format&fit=crop&w=900&q=80
172,OnePlus Galaxy Pro 609,Smartphones,OnePlus,375.92,3.9,in_stock,https://images.unsplash.com/photo-1511707171634-5f897ff02aa9?auto=format&fit=crop&w=900&q=80
173,Whirlpool Steam Iron 340,Home Appliances,Whirlpool,419.93,5.0,in_stock,https://images.unsplash.com/photo-1586201375761-83865001e31c?auto=format&fit=crop&w=900&q=80
174,American Tourister Travel Pro 781,Backpacks,American Tourister,174.17,3.8,in_stock,https://images.unsplash.com/photo-1622560480605-d83c853bc5c3?auto=format&fit=crop&w=900&q=80
175,Nike Commuter Smart 745,Backpacks,Nike,50.02,5.0,low_stock,https://images.unsplash.com/photo-1622560480605-d83c853bc5c3?auto=format&fit=crop&w=900&q=80
176,Puma Velocity Knit 984,Sneakers,Puma,119.25,3.7,in_stock,https://images.unsplash.com/photo-1460353581641-37baddab0fa2?auto=format&fit=crop&w=900&q=80
177,Wildcraft City Pack 234,Backpacks,Wildcraft,149.75,4.5,low_stock,https://images.unsplash.com/photo-1622560480605-d83c853bc5c3?auto=format&fit=crop&w=900&q=80
178,Lenovo Pavilion 476,Laptops,Lenovo,2364.65,3.0,in_stock,https://images.unsplash.com/photo-1517336714739-489689fd1ca8?auto=format&fit=crop&w=900&q=80
179,Nykaa Skin Tint 930,Beauty,Nykaa,64.1,4.0,in_stock,https://images.unsplash.com/photo-1596462502278-27bfdc403348?auto=format&fit=crop&w=900&q=80
180,Fossil Chrono Classic 562,Watches,Fossil,134.52,4.6,in_stock,https://images.unsplash.com/photo-1522312346375-d1a52e2b99b3?auto=format&fit=crop&w=900&q=80
181,Mamaearth Skin Tint 947,Beauty,Mamaearth,118.58,4.8,low_stock,https://images.unsplash.com/photo-1522335789203-aabd1fc54bc9?auto=format&fit=crop&w=900&q=80
182,HP MacBook Air 111,Laptops,HP,2151.18,4.6,in_stock,https://images.unsplash.com/photo-1496181133206-80ce9b88a853?auto=format&fit=crop&w=900&q=80
183,Nike Air Runner 131,Sneakers,Nike,152.1,2.9,in_stock,https://images.unsplash.com/photo-1460353581641-37baddab0fa2?auto=format&fit=crop&w=900&q=80
184,American Tourister Trail Max 815,Backpacks,American Tourister,46.14,3.6,low_stock,https://images.unsplash.com/photo-1622560480605-d83c853bc5c3?auto=format&fit=crop&w=900&q=80
185,Reebok Cloud Step 422,Sneakers,Reebok,119.77,2.9,in_stock,https://images.unsplash.com/photo-1460353581641-37baddab0fa2?auto=format&fit=crop&w=900&q=80
186,Reebok Air Runner 567,Sneakers,Reebok,138.89,3.0,in_stock,https://images.unsplash.com/photo-1542291026-7eec264c27ff?auto=format&fit=crop&w=900&q=80
187,Asus ThinkBook 484,Laptops,Asus,844.37,4.3,in_stock,https://images.unsplash.com/photo-1496181133206-80ce9b88a853?auto=format&fit=crop&w=900&q=80
188,Nike Ultra Motion 466,Sneakers,Nike,112.43,4.4,low_stock,https://images.unsplash.com/photo-1542291026-7eec264c27ff?auto=format&fit=crop&w=900&q=80
189,Dell Inspiron 944,Laptops,Dell,2295.69,4.5,in_stock,https://images.unsplash.com/photo-1496181133206-80ce9b88a853?auto=format&fit=crop&w=900&q=80
190,Boat Noise Cancel Pro 184,Headphones,Boat,409.77,4.7,low_stock,https://images.unsplash.com/photo-1484704849700-f032a568e944?auto=format&fit=crop&w=900&q=80
191,Skybags City Pack 794,Backpacks,Skybags,124.27,4.4,in_stock,https://images.unsplash.com/photo-1622560480605-d83c853bc5c3?auto=format&fit=crop&w=900&q=80
192,Puma Commuter Smart 899,Backpacks,Puma,88.64,4.6,out_of_stock,https://images.unsplash.com/photo-1622560480605-d83c853bc5c3?auto=format&fit=crop&w=900&q=80
193,Titan Sport Pulse 691,Watches,Titan,58.21,2.9,low_stock,https://images.unsplash.com/photo-1522312346375-d1a52e2b99b3?auto=format&fit=crop&w=900&q=80
194,Boat Noise Cancel Pro 455,Headphones,Boat,403.48,3.3,in_stock,https://images.unsplash.com/photo-1484704849700-f032a568e944?auto=format&fit=crop&w=900&q=80
195,Nykaa Glow Serum 243,Beauty,Nykaa,101.17,4.2,low_stock,https://images.unsplash.com/photo-1596462502278-27bfdc403348?auto=format&fit=crop&w=900&q=80
196,Apple Nord Edge 713,Smartphones,Apple,235.04,4.7,low_stock,https://images.unsplash.com/photo-1598327105666-5b89351aff97?auto=format&fit=crop&w=900&q=80
197,JBL Air Beats 521,Headphones,JBL,354.99,2.8,out_of_stock,https://images.unsplash.com/photo-1484704849700-f032a568e944?auto=format&fit=crop&w=900&q=80
198,Samsung iPhone Series 234,Smartphones,Samsung,1198.34,3.9,in_stock,https://images.unsplash.com/photo-1511707171634-5f897ff02aa9?auto=format&fit=crop&w=900&q=80
199,Bose Bass Boost 423,Headphones,Bose,233.96,4.3,in_stock,https://images.unsplash.com/photo-1505740420928-5e560c06d30e?auto=format&fit=crop&w=900&q=80
200,Mamaearth Care Essentials 964,Beauty,Mamaearth,60.43,2.9,in_stock,https://images.unsplash.com/photo-1596462502278-27bfdc403348?auto=format&fit=crop&w=900&q=80
201,Sennheiser Wireless Fit 338,Headphones,Sennheiser,45.25,3.7,in_stock,https://images.unsplash.com/photo-1505740420928-5e560c06d30e?auto=format&fit=crop&w=900&q=80
202,Mamaearth Matte Lip Kit 260,Beauty,Mamaearth,33.0,4.8,in_stock,https://images.unsplash.com/photo-1522335789203-aabd1fc54bc9?auto=format&fit=crop&w=900&q=80
203,Puma Street Flex 713,Sneakers,Puma,251.98,4.3,in_stock,https://images.unsplash.com/photo-1542291026-7eec264c27ff?auto=format&fit=crop&w=900&q=80
204,Wildcraft Campus Lite 279,Backpacks,Wildcraft,133.26,3.3,in_stock,https://images.unsplash.com/photo-1622560480605-d83c853bc5c3?auto=format&fit=crop&w=900&q=80
205,Puma Velocity Knit 926,Sneakers,Puma,254.58,4.7,in_stock,https://images.unsplash.com/photo-1460353581641-37baddab0fa2?auto=format&fit=crop&w=900&q=80
206,Bose Noise Cancel Pro 872,Headphones,Bose,70.77,3.6,in_stock,https://images.unsplash.com/photo-1484704849700-f032a568e944?auto=format&fit=crop&w=900&q=80
207,Panasonic Steam Iron 984,Home Appliances,Panasonic,456.99,4.7,low_stock,https://images.unsplash.com/photo-1586201375761-83865001e31c?auto=format&fit=crop&w=900&q=80
208,L'Oreal Care Essentials 920,Beauty,L'Oreal,136.28,3.5,low_stock,https://images.unsplash.com/photo-1596462502278-27bfdc403348?auto=format&fit=crop&w=900&q=80
209,Boat Studio Sound 319,Headphones,Boat,213.18,4.1,in_stock,https://images.unsplash.com/photo-1505740420928-5e560c06d30e?auto=format&fit=crop&w=900&q=80
210,Whirlpool Aqua Purifier 290,Home Appliances,Whirlpool,318.01,3.7,in_stock,https://images.unsplash.com/photo-1586201375761-83865001e31c?auto=format&fit=crop&w=900&q=80
211,Sony Noise Cancel Pro 408,Headphones,Sony,55.9,3.4,low_stock,https://images.unsplash.com/photo-1484704849700-f032a568e944?auto=format&fit=crop&w=900&q=80
212,Wildcraft Trail Max 522,Backpacks,Wildcraft,91.37,4.8,in_stock,https://images.unsplash.com/photo-1622560480605-d83c853bc5c3?auto=format&fit=crop&w=900&q=80
213,LG Aqua Purifier 891,Home Appliances,LG,507.23,3.2,in_stock,https://images.unsplash.com/photo-1586201375761-83865001e31c?auto=format&fit=crop&w=900&q=80
214,Nike Street Flex 759,Sneakers,Nike,81.31,3.0,in_stock,https://images.unsplash.com/photo-1542291026-7eec264c27ff?auto=format&fit=crop&w=900&q=80
215,Skybags Commuter Smart 679,Backpacks,Skybags,54.99,3.6,in_stock,https://images.unsplash.com/photo-1553062407-98eeb64c6a62?auto=format&fit=crop&w=900&q=80
216,Boat Studio Sound 889,Headphones,Boat,410.88,4.4,in_stock,https://images.unsplash.com/photo-1484704849700-f032a568e944?auto=format&fit=crop&w=900&q=80
217,Samsung iPhone Series 680,Smartphones,Samsung,239.92,4.6,low_stock,https://images.unsplash.com/photo-1511707171634-5f897ff02aa9?auto=format&fit=crop&w=900&q=80
218,Samsung Pixel Core 440,Smartphones,Samsung,418.05,5.0,in_stock,https://images.unsplash.com/photo-1511707171634-5f897ff02aa9?auto=format&fit=crop&w=900&q=80
219,Nike Ultra Motion 471,Sneakers,Nike,240.3,3.5,in_stock,https://images.unsplash.com/photo-1542291026-7eec264c27ff?auto=format&fit=crop&w=900&q=80
220,L'Oreal Skin Tint 564,Beauty,L'Oreal,34.65,3.7,low_stock,https://images.unsplash.com/photo-1596462502278-27bfdc403348?auto=format&fit=crop&w=900&q=80
221,Lenovo VivoBook 179,Laptops,Lenovo,1643.22,3.1,low_stock,https://images.unsplash.com/photo-1517336714739-489689fd1ca8?auto=format&fit=crop&w=900&q=80
222,New Balance Cloud Step 766,Sneakers,New Balance,113.28,4.1,in_stock,https://images.unsplash.com/photo-1460353581641-37baddab0fa2?auto=format&fit=crop&w=900&q=80
223,Wildcraft City Pack 686,Backpacks,Wildcraft,56.15,5.0,in_stock,https://images.unsplash.com/photo-1553062407-98eeb64c6a62?auto=format&fit=crop&w=900&q=80
224,Lenovo MacBook Air 757,Laptops,Lenovo,1169.05,4.3,in_stock,https://images.unsplash.com/photo-1517336714739-489689fd1ca8?auto=format&fit=crop&w=900&q=80
225,Skybags Campus Lite 580,Backpacks,Skybags,106.48,4.1,in_stock,https://images.unsplash.com/photo-1553062407-98eeb64c6a62?auto=format&fit=crop&w=900&q=80
226,Sony Studio Sound 803,Headphones,Sony,281.28,3.7,in_stock,https://images.unsplash.com/photo-1505740420928-5e560c06d30e?auto=format&fit=crop&w=900&q=80
227,LG Steam Iron 953,Home Appliances,LG,373.24,4.8,low_stock,https://images.unsplash.com/photo-1556911220-bda9f7f7597e?auto=format&fit=crop&w=900&q=80
228,Fossil Digital Pro 612,Watches,Fossil,181.21,3.9,in_stock,https://images.unsplash.com/photo-1434056886845-dac89ffe9b56?auto=format&fit=crop&w=900&q=80
229,Apple Metal Edge 499,Watches,Apple,198.81,3.1,in_stock,https://images.unsplash.com/photo-1434056886845-dac89ffe9b56?auto=format&fit=crop&w=900&q=80
230,Dell ThinkBook 194,Laptops,Dell,1448.71,3.6,low_stock,https://images.unsplash.com/photo-1496181133206-80ce9b88a853?auto=format&fit=crop&w=900&q=80
231,Nike Ultra Motion 800,Sneakers,Nike,133.25,2.9,in_stock,https://images.unsplash.com/photo-1542291026-7eec264c27ff?auto=format&fit=crop&w=900&q=80
232,Panasonic AirCool Plus 912,Home Appliances,Panasonic,405.85,3.2,low_stock,https://images.unsplash.com/photo-1586201375761-83865001e31c?auto=format&fit=crop&w=900&q=80
233,Google Nord Edge 728,Smartphones,Google,261.53,2.8,low_stock,https://images.unsplash.com/photo-1598327105666-5b89351aff97?auto=format&fit=crop&w=900&q=80
234,Whirlpool Smart Mixer 878,Home Appliances,Whirlpool,526.39,3.8,in_stock,https://images.unsplash.com/photo-1586201375761-83865001e31c?auto=format&fit=crop&w=900&q=80
235,Reebok Air Runner 874,Sneakers,Reebok,255.81,4.2,in_stock,https://images.unsplash.com/photo-1542291026-7eec264c27ff?auto=format&fit=crop&w=900&q=80
236,American Tourister Trail Max 817,Backpacks,American Tourister,96.09,3.6,out_of_stock,https://images.unsplash.com/photo-1622560480605-d83c853bc5c3?auto=format&fit=crop&w=900&q=80
237,Nike City Pack 552,Backpacks,Nike,151.55,3.7,in_stock,https://images.unsplash.com/photo-1622560480605-d83c853bc5c3?auto=format&fit=crop&w=900&q=80
238,Reebok Cloud Step 189,Sneakers,Reebok,131.34,4.9,out_of_stock,https://images.unsplash.com/photo-1460353581641-37baddab0fa2?auto=format&fit=crop&w=900&q=80
239,Boat Studio Sound 102,Headphones,Boat,362.49,4.5,in_stock,https://images.unsplash.com/photo-1484704849700-f032a568e944?auto=format&fit=crop&w=900&q=80
240,Nike Travel Pro 283,Backpacks,Nike,126.0,4.0,low_stock,https://images.unsplash.com/photo-1553062407-98eeb64c6a62?auto=format&fit=crop&w=900&q=80
241,Apple MacBook Air 487,Laptops,Apple,2321.96,3.4,in_stock,https://images.unsplash.com/photo-1517336714739-489689fd1ca8?auto=format&fit=crop&w=900&q=80
242,Fossil Sport Pulse 768,Watches,Fossil,776.21,4.8,in_stock,https://images.unsplash.com/photo-1522312346375-d1a52e2b99b3?auto=format&fit=crop&w=900&q=80
243,Apple Nord Edge 509,Smartphones,Apple,1078.62,3.3,in_stock,https://images.unsplash.com/photo-1511707171634-5f897ff02aa9?auto=format&fit=crop&w=900&q=80
244,American Tourister Trail Max 120,Backpacks,American Tourister,139.23,3.5,in_stock,https://images.unsplash.com/photo-1553062407-98eeb64c6a62?auto=format&fit=crop&w=900&q=80
245,Skybags City Pack 289,Backpacks,Skybags,51.77,4.8,in_stock,https://images.unsplash.com/photo-1553062407-98eeb64c6a62?auto=format&fit=crop&w=900&q=80
246,Xiaomi Galaxy Pro 980,Smartphones,Xiaomi,1271.52,4.0,in_stock,https://images.unsplash.com/photo-1598327105666-5b89351aff97?auto=format&fit=crop&w=900&q=80
247,Philips Smart Mixer 988,Home Appliances,Philips,128.6,4.4,low_stock,https://images.unsplash.com/photo-1586201375761-83865001e31c?auto=format&fit=crop&w=900&q=80
248,New Balance Velocity Knit 439,Sneakers,New Balance,79.48,4.1,in_stock,https://images.unsplash.com/photo-1542291026-7eec264c27ff?auto=format&fit=crop&w=900&q=80
249,Samsung Smart Mixer 823,Home Appliances,Samsung,444.69,4.2,in_stock,https://images.unsplash.com/photo-1586201375761-83865001e31c?auto=format&fit=crop&w=900&q=80
250,Google Redmi Note 746,Smartphones,Google,1043.95,3.5,in_stock,https://images.unsplash.com/photo-1598327105666-5b89351aff97?auto=format&fit=crop&w=900&q=80
251,Asus Inspiron 937,Laptops,Asus,1128.21,3.3,in_stock,https://images.unsplash.com/photo-1517336714739-489689fd1ca8?auto=format&fit=crop&w=900&q=80
252,Puma Velocity Knit 897,Sneakers,Puma,96.52,3.5,low_stock,https://images.unsplash.com/photo-1542291026-7eec264c27ff?auto=format&fit=crop&w=900&q=80
253,HP Pavilion 665,Laptops,HP,672.01,3.1,low_stock,https://images.unsplash.com/photo-1517336714739-489689fd1ca8?auto=format&fit=crop&w=900&q=80
254,Boat Air Beats 454,Headphones,Boat,47.97,4.7,in_stock,https://images.unsplash.com/photo-1484704849700-f032a568e944?auto=format&fit=crop&w=900&q=80
255,American Tourister Trail Max 663,Backpacks,American Tourister,145.15,3.4,out_of_stock,https://images.unsplash.com/photo-1622560480605-d83c853bc5c3?auto=format&fit=crop&w=900&q=80
256,Apple Inspiron 386,Laptops,Apple,1307.52,4.0,low_stock,https://images.unsplash.com/photo-1517336714739-489689fd1ca8?auto=format&fit=crop&w=900&q=80
257,American Tourister Commuter Smart 412,Backpacks,American Tourister,58.52,4.5,in_stock,https://images.unsplash.com/photo-1553062407-98eeb64c6a62?auto=format&fit=crop&w=900&q=80
258,Apple Galaxy Pro 647,Smartphones,Apple,750.33,4.5,low_stock,https://images.unsplash.com/photo-1511707171634-5f897ff02aa9?auto=format&fit=crop&w=900&q=80
259,HP Pavilion 613,Laptops,HP,897.04,3.8,in_stock,https://images.unsplash.com/photo-1517336714739-489689fd1ca8?auto=format&fit=crop&w=900&q=80
260,Apple Chrono Classic 622,Watches,Apple,277.34,3.8,out_of_stock,https://images.unsplash.com/photo-1522312346375-d1a52e2b99b3?auto=format&fit=crop&w=900&q=80
261,Samsung AirCool Plus 445,Home Appliances,Samsung,376.31,5.0,in_stock,https://images.unsplash.com/photo-1556911220-bda9f7f7597e?auto=format&fit=crop&w=900&q=80
262,HP VivoBook 467,Laptops,HP,887.27,4.3,in_stock,https://images.unsplash.com/photo-1496181133206-80ce9b88a853?auto=format&fit=crop&w=900&q=80
263,Boat Studio Sound 109,Headphones,Boat,392.0,4.6,in_stock,https://images.unsplash.com/photo-1505740420928-5e560c06d30e?auto=format&fit=crop&w=900&q=80
264,L'Oreal Skin Tint 640,Beauty,L'Oreal,122.47,4.8,low_stock,https://images.unsplash.com/photo-1596462502278-27bfdc403348?auto=format&fit=crop&w=900&q=80
265,Nykaa Care Essentials 617,Beauty,Nykaa,88.98,4.5,in_stock,https://images.unsplash.com/photo-1522335789203-aabd1fc54bc9?auto=format&fit=crop&w=900&q=80
266,Noise Metal Edge 940,Watches,Noise,757.09,3.2,in_stock,https://images.unsplash.com/photo-1434056886845-dac89ffe9b56?auto=format&fit=crop&w=900&q=80
267,Adidas Ultra Motion 553,Sneakers,Adidas,53.26,4.0,in_stock,https://images.unsplash.com/photo-1460353581641-37baddab0fa2?auto=format&fit=crop&w=900&q=80
268,Sony Wireless Fit 520,Headphones,Sony,217.73,3.0,low_stock,https://images.unsplash.com/photo-1505740420928-5e560c06d30e?auto=format&fit=crop&w=900&q=80
269,Casio Sport Pulse 160,Watches,Casio,550.55,4.2,in_stock,https://images.unsplash.com/photo-1434056886845-dac89ffe9b56?auto=format&fit=crop&w=900&q=80
270,Casio Digital Pro 276,Watches,Casio,125.51,4.9,low_stock,https://images.unsplash.com/photo-1434056886845-dac89ffe9b56?auto=format&fit=crop&w=900&q=80
271,Sennheiser Noise Cancel Pro 403,Headphones,Sennheiser,337.2,3.9,in_stock,https://images.unsplash.com/photo-1505740420928-5e560c06d30e?auto=format&fit=crop&w=900&q=80
272,Google Redmi Note 439,Smartphones,Google,1244.95,3.8,in_stock,https://images.unsplash.com/photo-1598327105666-5b89351aff97?auto=format&fit=crop&w=900&q=80
273,Dell VivoBook 426,Laptops,Dell,1042.41,2.9,in_stock,https://images.unsplash.com/photo-1496181133206-80ce9b88a853?auto=format&fit=crop&w=900&q=80
274,L'Oreal Skin Tint 454,Beauty,L'Oreal,88.03,4.9,in_stock,https://images.unsplash.com/photo-1522335789203-aabd1fc54bc9?auto=format&fit=crop&w=900&q=80
275,Reebok Velocity Knit 791,Sneakers,Reebok,112.54,3.0,in_stock,https://images.unsplash.com/photo-1460353581641-37baddab0fa2?auto=format&fit=crop&w=900&q=80
276,Puma Cloud Step 217,Sneakers,Puma,73.2,2.9,low_stock,https://images.unsplash.com/photo-1542291026-7eec264c27ff?auto=format&fit=crop&w=900&q=80
277,Adidas Air Runner 398,Sneakers,Adidas,48.04,3.3,in_stock,https://images.unsplash.com/photo-1460353581641-37baddab0fa2?auto=format&fit=crop&w=900&q=80
278,Panasonic Steam Iron 246,Home Appliances,Panasonic,674.76,2.9,low_stock,https://images.unsplash.com/photo-1586201375761-83865001e31c?auto=format&fit=crop&w=900&q=80
279,Samsung Redmi Note 376,Smartphones,Samsung,414.14,3.8,in_stock,https://images.unsplash.com/photo-1598327105666-5b89351aff97?auto=format&fit=crop&w=900&q=80
280,Samsung iPhone Series 715,Smartphones,Samsung,502.95,3.9,low_stock,https://images.unsplash.com/photo-1598327105666-5b89351aff97?auto=format&fit=crop&w=900&q=80
281,Bose Air Beats 142,Headphones,Bose,76.02,3.5,low_stock,https://images.unsplash.com/photo-1505740420928-5e560c06d30e?auto=format&fit=crop&w=900&q=80
282,Reebok Velocity Knit 405,Sneakers,Reebok,87.93,2.9,low_stock,https://images.unsplash.com/photo-1460353581641-37baddab0fa2?auto=format&fit=crop&w=900&q=80
283,Puma Travel Pro 121,Backpacks,Puma,174.32,3.0,in_stock,https://images.unsplash.com/photo-1622560480605-d83c853bc5c3?auto=format&fit=crop&w=900&q=80
284,Adidas Air Runner 958,Sneakers,Adidas,132.32,3.6,low_stock,https://images.unsplash.com/photo-1542291026-7eec264c27ff?auto=format&fit=crop&w=900&q=80
285,Reebok Street Flex 753,Sneakers,Reebok,209.55,2.9,in_stock,https://images.unsplash.com/photo-1460353581641-37baddab0fa2?auto=format&fit=crop&w=900&q=80
286,Nykaa Hydra Cream 318,Beauty,Nykaa,118.24,4.3,in_stock,https://images.unsplash.com/photo-1522335789203-aabd1fc54bc9?auto=format&fit=crop&w=900&q=80
287,Asus Pavilion 278,Laptops,Asus,428.53,3.3,in_stock,https://images.unsplash.com/photo-1517336714739-489689fd1ca8?auto=format&fit=crop&w=900&q=80
288,Casio Urban Smart 188,Watches,Casio,60.75,3.5,in_stock,https://images.unsplash.com/photo-1434056886845-dac89ffe9b56?auto=format&fit=crop&w=900&q=80
289,Fossil Urban Smart 525,Watches,Fossil,505.0,3.7,low_stock,https://images.unsplash.com/photo-1434056886845-dac89ffe9b56?auto=format&fit=crop&w=900&q=80
290,New Balance Cloud Step 777,Sneakers,New Balance,123.93,3.7,in_stock,https://images.unsplash.com/photo-1542291026-7eec264c27ff?auto=format&fit=crop&w=900&q=80
291,Samsung Steam Iron 625,Home Appliances,Samsung,325.52,2.8,low_stock,https://images.unsplash.com/photo-1586201375761-83865001e31c?auto=format&fit=crop&w=900&q=80
292,Sony Bass Boost 892,Headphones,Sony,184.02,3.0,in_stock,https://images.unsplash.com/photo-1505740420928-5e560c06d30e?auto=format&fit=crop&w=900&q=80
293,L'Oreal Hydra Cream 409,Beauty,L'Oreal,121.76,4.7,low_stock,https://images.unsplash.com/photo-1596462502278-27bfdc403348?auto=format&fit=crop&w=900&q=80
294,Sennheiser Studio Sound 350,Headphones,Sennheiser,413.19,2.8,in_stock,https://images.unsplash.com/photo-1484704849700-f032a568e944?auto=format&fit=crop&w=900&q=80
295,Titan Sport Pulse 529,Watches,Titan,398.1,3.9,in_stock,https://images.unsplash.com/photo-1522312346375-d1a52e2b99b3?auto=format&fit=crop&w=900&q=80
296,Noise Chrono Classic 281,Watches,Noise,700.08,3.9,in_stock,https://images.unsplash.com/photo-1522312346375-d1a52e2b99b3?auto=format&fit=crop&w=900&q=80
297,LG Steam Iron 977,Home Appliances,LG,118.83,3.5,out_of_stock,https://images.unsplash.com/photo-1586201375761-83865001e31c?auto=format&fit=crop&w=900&q=80
298,Puma Air Runner 267,Sneakers,Puma,76.71,3.7,in_stock,https://images.unsplash.com/photo-1542291026-7eec264c27ff?auto=format&fit=crop&w=900&q=80
299,Boat Wireless Fit 530,Headphones,Boat,135.77,4.5,in_stock,https://images.unsplash.com/photo-1505740420928-5e560c06d30e?auto=format&fit=crop&w=900&q=80
300,Xiaomi iPhone Series 569,Smartphones,Xiaomi,1159.32,4.7,in_stock,https://images.unsplash.com/photo-1598327105666-5b89351aff97?auto=format&fit=crop&w=900&q=80
